19441	https://feedaudit.cz/opravy/shop_2dfbbad4f38433553b/5c59e565dc6dfaf85119ec8cb6a6b12950be307f.jpg
22605	https://feedaudit.cz/opravy/shop_2dfbbad4f38433553b/6c43ac2bde0f84e3b0ddf4b51386e379df24c101.jpg
24125	https://feedaudit.cz/opravy/shop_2dfbbad4f38433553b/66c0b63784b1c4416f410c7147bc4018615686e7.jpg
25118	https://feedaudit.cz/opravy/shop_2dfbbad4f38433553b/9df45565d79ec183c7c964aaae799924e4eb40e8.jpg
28532	https://feedaudit.cz/opravy/shop_2dfbbad4f38433553b/a6364fb0d1277c01b393930e5c9a8b3f227acbdb.jpg
28861	https://feedaudit.cz/opravy/shop_2dfbbad4f38433553b/32e3a691b5ebb6b8665c032ee784ca453b425fdf.jpg
16089_605	https://feedaudit.cz/opravy/shop_2dfbbad4f38433553b/6a7e41a16c4865c4f39035ef1dc6ed27bdee6c4f.jpg
16089_606	https://feedaudit.cz/opravy/shop_2dfbbad4f38433553b/dbba2d370091a07fd766c888204ef7ac3495316a.jpg
19124	https://feedaudit.cz/opravy/shop_2dfbbad4f38433553b/0bcc800c3bd2926c602d9ac1b64f25daba5523c5.jpg
25122	https://feedaudit.cz/opravy/shop_2dfbbad4f38433553b/1d0e0454d108c29a4377f290149f67d8eea78b69.jpg
26588	https://feedaudit.cz/opravy/shop_2dfbbad4f38433553b/7eccf04958a0c2bb56795c6bfc9f627412aa382b.jpg
30466	https://feedaudit.cz/opravy/shop_2dfbbad4f38433553b/b1d1de5f863e3bde512f0534c7c84682d4a11dd2.jpg
20778	https://feedaudit.cz/opravy/shop_2dfbbad4f38433553b/bcca5ef8113158d5ae445339c1804ebaef54dc5e.jpg
20779	https://feedaudit.cz/opravy/shop_2dfbbad4f38433553b/8f3bedca27db410bbb386db945aebb42e137fe3d.jpg
20792	https://feedaudit.cz/opravy/shop_2dfbbad4f38433553b/c1cc67478398247ddd1cd52bbb617a8a13baf934.jpg
25187	https://feedaudit.cz/opravy/shop_2dfbbad4f38433553b/c0c7fbba8d38abbf0e0456ccb8a10b890caae7db.jpg
11117	https://feedaudit.cz/opravy/shop_2dfbbad4f38433553b/788a683c32aa949b753e4b17afe5efc93c3ed2f2.jpg
19473	https://feedaudit.cz/opravy/shop_2dfbbad4f38433553b/35b5be8ce663a524c4d52d0b83db0e9c5c1b78d7.jpg
19587	https://feedaudit.cz/opravy/shop_2dfbbad4f38433553b/cbc6640f054fb7faf16e935ca09bf3a7b3a956ea.jpg
19635	https://feedaudit.cz/opravy/shop_2dfbbad4f38433553b/b163c10f57f109649f6006bf299f0d277b99778f.jpg
20794	https://feedaudit.cz/opravy/shop_2dfbbad4f38433553b/4c27f53df4d02ce566e29cc1a32d99972cc1dd70.jpg
20892_1409	https://feedaudit.cz/opravy/shop_2dfbbad4f38433553b/e18adbb57540a31bd0fe117a22318f02b6a6ff14.jpg
22123	https://feedaudit.cz/opravy/shop_2dfbbad4f38433553b/5cbb6bdaad0906d239f263e50a071114224502c9.jpg
22984_1768	https://feedaudit.cz/opravy/shop_2dfbbad4f38433553b/2a1a70b18931c7a8611558c04cbb664d17834000.jpg
23258_1856	https://feedaudit.cz/opravy/shop_2dfbbad4f38433553b/872afd4454630dde52d69ca42515328d254ceab4.jpg
28040	https://feedaudit.cz/opravy/shop_2dfbbad4f38433553b/28f466695c5152f8e613512b98bfe4a8666ccbed.jpg
28200_6963	https://feedaudit.cz/opravy/shop_2dfbbad4f38433553b/0616618d23845874de8a52eadbd6d79809e4b87e.jpg
30465	https://feedaudit.cz/opravy/shop_2dfbbad4f38433553b/ed10a979fb0eae17bac45bdb5e76ca14bd8a122e.jpg
30526	https://feedaudit.cz/opravy/shop_2dfbbad4f38433553b/761baf22469e05bc1c586280aacb2199cf757c87.jpg
30701	https://feedaudit.cz/opravy/shop_2dfbbad4f38433553b/ae3b2cd783aa5c2e15e239634d16dedf3bae0db4.jpg
30783	https://feedaudit.cz/opravy/shop_2dfbbad4f38433553b/d415b67ffacdad09ccd2784263a850b537cf1588.jpg
30868	https://feedaudit.cz/opravy/shop_2dfbbad4f38433553b/b29862257e0169b6ff716431aa5ef47df6638e06.jpg
12007	https://feedaudit.cz/opravy/shop_2dfbbad4f38433553b/08de1f785157a142784f3ba4a21d9ea54835ec95.jpg
14364	https://feedaudit.cz/opravy/shop_2dfbbad4f38433553b/196f03aff88a3d7a6ec3dde732503447bb0be231.jpg
14507	https://feedaudit.cz/opravy/shop_2dfbbad4f38433553b/d667852bc1ab57321c61e71bc86a0c2a8f288860.jpg
20187	https://feedaudit.cz/opravy/shop_2dfbbad4f38433553b/534ff7a89e5309aa659a0f0dc6f687a5d8aa4122.jpg
20793	https://feedaudit.cz/opravy/shop_2dfbbad4f38433553b/7b0fd82d63ca214ac680585e51d5f058b44ad610.jpg
21764	https://feedaudit.cz/opravy/shop_2dfbbad4f38433553b/0289358f19f8289d5a6d454f0450d7c83261e077.jpg
21765	https://feedaudit.cz/opravy/shop_2dfbbad4f38433553b/d545591e8a5508e810a7887f4772c4a09f3605dd.jpg
22585	https://feedaudit.cz/opravy/shop_2dfbbad4f38433553b/a115e09ed4af9c62fb27ae581d945704863917cb.jpg
23747	https://feedaudit.cz/opravy/shop_2dfbbad4f38433553b/07b7ed20514c937347307dc06891c2c5aa96d8c5.jpg
25479	https://feedaudit.cz/opravy/shop_2dfbbad4f38433553b/82e7928e345e837ea419ede901ab942b519b2641.jpg
30763	https://feedaudit.cz/opravy/shop_2dfbbad4f38433553b/1b9984e399bfb09bf06ce4e69d3c43395ab60de1.jpg
30764	https://feedaudit.cz/opravy/shop_2dfbbad4f38433553b/8fcc67f73e480c54fae61cb9ca611f28614e6aeb.jpg
10770	https://feedaudit.cz/opravy/shop_2dfbbad4f38433553b/1a3bba4fd3e4329b309a9c615740ba92b84e6c51.jpg
11124	https://feedaudit.cz/opravy/shop_2dfbbad4f38433553b/1b6b64789cc826bf23ad3fa8235241fd34cdd70a.jpg
14478	https://feedaudit.cz/opravy/shop_2dfbbad4f38433553b/9c68c8964495416651efba9ef02384597e33baef.jpg
15469	https://feedaudit.cz/opravy/shop_2dfbbad4f38433553b/acf3928d6d4f3158b748080adc0bfbb42c696dbc.jpg
16932_5138	https://feedaudit.cz/opravy/shop_2dfbbad4f38433553b/c79dafc2050fc3b751f9d5956f463b7d1b201428.jpg
